,ndvi_mean,ndbi_mean,ndwi_mean,bsi_mean,ndvi_std,ndbi_std,ndwi_std,bsi_std
2018,0.16415858268737793,0.05876913294196129,-0.2312181144952774,0.09708105027675629,0.13785672187805176,0.10190064460039139,0.12963496148586273,0.07368958741426468
2020,0.15539701282978058,0.05535021796822548,-0.22623859345912933,0.09806560724973679,0.13480611145496368,0.09862793236970901,0.12909412384033203,0.06937841325998306
2022,0.15134172141551971,0.06778188794851303,-0.22439546883106232,0.10223004221916199,0.12813320755958557,0.09862955659627914,0.12410886585712433,0.06836434453725815
2024,0.16015759110450745,0.0665343627333641,-0.232320174574852,0.10128360986709595,0.13880662620067596,0.10522016882896423,0.13313572108745575,0.07447932660579681
